5bc39c,127.0.0.1,GET,http://localhost:8000/web/index_dev.php/user/,1502307115,,200
2379a7,127.0.0.1,GET,http://localhost:8000/web/index_dev.php/logging,1502307177,,301
989dce,127.0.0.1,GET,http://localhost:8000/web/index_dev.php/logging/,1502307177,,500
407e11,127.0.0.1,GET,http://localhost:8000/web/index_dev.php/logging/,1502307354,,500
565b80,127.0.0.1,GET,http://localhost:8000/web/index_dev.php/logging/,1502307434,,200
486d38,127.0.0.1,GET,http://localhost:8000/web/index_dev.php/logging/,1502307737,,200
a4bcb9,127.0.0.1,GET,http://localhost:8000/web/index_dev.php/logging/,1502308775,,200
0bea61,127.0.0.1,GET,http://localhost:8000/web/index_dev.php/logging/,1502308776,,200
cc1c9e,127.0.0.1,GET,http://localhost:8000/web/index_dev.php/logging/,1502308789,,200
54f0ff,127.0.0.1,GET,http://localhost:8000/web/index_dev.php/logging/,1502309939,,200
f9816f,127.0.0.1,GET,http://localhost:8000/web/index_dev.php/logging/,1502310232,,500
18aef5,127.0.0.1,GET,http://localhost:8000/web/index_dev.php/logging/,1502310277,,500
ba6d22,127.0.0.1,GET,http://localhost:8000/web/index_dev.php/logging/,1502310550,,500
69c9ef,127.0.0.1,GET,http://localhost:8000/web/index_dev.php/logging/,1502310551,,500
ec20f5,127.0.0.1,GET,http://localhost:8000/web/index_dev.php/logging/,1502310655,,200
a0bb08,127.0.0.1,POST,http://localhost:8000/web/index_dev.php/logging/,1502310764,,405
ffec35,127.0.0.1,GET,http://localhost:8000/web/index_dev.php/logging/,1502310940,,200
022e4c,127.0.0.1,POST,http://localhost:8000/web/index_dev.php/logging/,1502310945,,200
4a5fc0,127.0.0.1,GET,http://localhost:8000/web/index_dev.php/logging/,1502311024,,200
4efb05,127.0.0.1,GET,http://localhost:8000/web/index_dev.php/logging/,1502311314,,200
4ec59a,127.0.0.1,POST,http://localhost:8000/web/index_dev.php/logging/,1502311320,,200
882d3a,127.0.0.1,POST,http://localhost:8000/web/index_dev.php/logging/,1502311330,,200
8776b3,127.0.0.1,POST,http://localhost:8000/web/index_dev.php/logging/,1502311342,,200
4c1a43,127.0.0.1,POST,http://localhost:8000/web/index_dev.php/logging/,1502311934,,200
8118e3,127.0.0.1,POST,http://localhost:8000/web/index_dev.php/logging/,1502312009,,200
51c51a,127.0.0.1,POST,http://localhost:8000/web/index_dev.php/logging/,1502312019,,200
